{"cameraMode":{"drawMode":0,"name":"Shaded","section":"Shading Mode"},"sceneLighting":false,"audioPlay":false,"sceneViewState":{"showFog":true,"showMaterialUpdate":false,"showSkybox":true,"showFlares":true,"showImageEffects":true,"showParticleSystems":true},"in2DMode":false,"pivot":{"x":-5.380343437194824,"y":0.9945948719978333,"z":-0.6163744330406189},"rotation":{"x":-0.007132981438189745,"y":0.9740328192710877,"z":-0.030994178727269174,"w":-0.2241617739200592},"size":4.952691555023193,"orthographic":false}