{"cameraMode":{"drawMode":0,"name":"Shaded","section":"Shading Mode"},"sceneLighting":false,"audioPlay":false,"sceneViewState":{"showFog":true,"showMaterialUpdate":false,"showSkybox":true,"showFlares":true,"showImageEffects":true,"showParticleSystems":true},"in2DMode":false,"pivot":{"x":-7.730000019073486,"y":0.7807168960571289,"z":1.0674781799316407},"rotation":{"x":-0.08911982923746109,"y":0.9067525863647461,"z":-0.24248772859573365,"w":-0.33325257897377016},"size":23.28603744506836,"orthographic":false}