{"cameraMode":{"drawMode":0,"name":"Shaded","section":"Shading Mode"},"sceneLighting":false,"audioPlay":false,"sceneViewState":{"showFog":true,"showMaterialUpdate":false,"showSkybox":true,"showFlares":true,"showImageEffects":true,"showParticleSystems":true},"in2DMode":false,"pivot":{"x":-2.1521010398864748,"y":0.24441683292388917,"z":-0.6086738705635071},"rotation":{"x":-0.015046210028231144,"y":0.9382315278053284,"z":-0.04112986847758293,"w":-0.34322524070739748},"size":5.573597431182861,"orthographic":false}